Leif,Welch,junior@bodelynch.io,782.591.9942 x4587,2015-10-21 11:30:35 -0500
Connor,Schamberger,jaquelin.stanton@volkmangerhold.co,429.392.5999 x4028,2015-10-21 11:30:35 -0500
Barton,Smith,harmony_upton@leuschkejaskolski.org,(215) 785-3796 x4653,2015-10-21 11:30:35 -0500
Bernadette,Tromp,brooke@cole.co,(262) 012-4498 x963,2015-10-21 11:30:35 -0500
Miracle,Champlin,mathilde.pfannerstill@schultz.name,914-113-6408 x9757,2015-10-21 11:30:35 -0500
Pedro,Fay,sigrid.mclaughlin@runte.biz,1-989-778-9807,2015-10-21 11:30:35 -0500
Raleigh,Corwin,modesta.beer@murrayweinat.name,(696) 371-7806 x004,2015-10-21 11:30:35 -0500
Zander,Shanahan,adrian_towne@roberts.org,(705) 505-5168,2015-10-21 11:30:35 -0500
Anita,Conn,shana@damore.com,(109) 236-8538,2015-10-21 11:30:35 -0500
Ola,Wisozk,jalen_prohaska@hackett.org,764.743.6664 x9951,2015-10-21 11:30:35 -0500
Thelma,Gislason,cleveland@auer.info,(495) 768-9449 x655,2015-10-21 11:30:35 -0500
Nico,Spencer,alexandrea@murrayheaney.info,468-005-5615 x42736,2015-10-21 11:30:35 -0500
